content,score
Some things look big and the real thing is small.,3
The great app for shopping and fulfil your needs every time and the best thing is a 1 ruppess challenge to win a car and everything is very durable and quality all products purchased from draaz then no worries for fraud because sone online shopping app show its platform everything very good and no 1 and very reasonable price when you order and receive the parcell then you khonw the fact and never shop again the fraudest app but Draaz is professional app platform online to purchase everything,5
mindblowing app,5
nice,5
Ú©Ú†Ú¾ Ú†ÛŒØ²ÛŒÚº Ù…Ù†Ú¯ÙˆØ§Ø¦Û’ ÛÛŒÚº Ø¯ÛŒÚ©Ú¾ØªÛ’ ÛÛŒÚº Ø¯Ø±Ø§Ø² Ú©ØªÙ†Ù†Ø§ Ø³Ú†Ø§ ÛÛ’,5
good,5
Ù†ÛÛŒÚº Ø¶Ø±ÙˆØ±Øª Ø¬ÛŒ Ø®ØªÙ… Ú©Ø± Ø¯Ùˆ,1
Ø§Ú†Ú¾ÛŒ Ø§ÛŒÙ¾ ÛÛ’,5
Ù…Ø§Ø´Ø§Ø¡Ø§Ù„Ù„Û Ø²Ø¨Ø±Ø¯Ø³Øª Ú¾Ù… Ù†Û’ Ø³Ù†Ø§ ÛÛ’ Ú©Û Ø¯Ø±Ø§Ø² Ø¨ÛŒØ³Ù¹ ÛÛ’ Ø§Ø¨ ØªØ¬Ø±Ø¨Û Ú©Ø± Ú©Û’ Ø¯ÛŒÚ©Ú¾ØªÛŒÚº ÛÛŒÚº,4
best online store,5
Bohot achha app hai time pe delivery deta hai scam NAHI karta hai mehenge mehenge Saman bhi deta hai sahi salamat bohot abardast quality Kai sath Thank you ğŸ‘ğŸ˜Š daraz â¤ï¸ğŸ§¡ğŸ’›ğŸ’šğŸ©µğŸ’™ğŸ’œ,5
Fair,1
Ù…Ø§Ø´Ø§Ø¡Ø§Ù„Ù„Û Ø¨ÛØª Ø¹Ù…Ø¯Û Ú©ÙˆØ§Ù„Ù¹ÛŒ,5
Best,4
Ø§Ú†Ú¾ÛŒ Ø§ÛŒÙ¾ ÛÛ’,3
Bhut achi app ha jis sy hum shopping kr lyty ha thanks daraz,5
thank you,5
i am a poor man not extra mony daraz shopping,2
Ø´Ú©Ø±ÛŒÛ,5
Nice,5
it is aa good platform,5
Ú¯Úˆ,5
very nice,4
Love you seller brain â¤ï¸ â¤ï¸ Love you seller brain,5
Ø±Ø§Ø¬ Ú¯Ø±Ø±ÛŒ Ú©Ø±ØªØ§ ÛÙˆÚº,5
Ø§Ú†Ú¾ÛŒ Ø§ÛŒÙ¾ ÛÛ’,3
love you seller brain,5
GOOD,5
Nic.good,5
courior walon ko chahaye jahan bhi order pohnchane jain owner ko Call kryn pehly Lazmi....,3
good,5
"Overall, my experience with your delivery service has not been good. As an office worker, I leave work around 5 PM. The Leopard delivery point, while near my home, is away from my office and also closes at 5 PM, making it inconvenient to collect parcels. Conversely, TCS closes at 8 PM, offering greater flexibility. It would be highly convenient to have the option to choose a delivery partner. Thank you and please consider this improvement.",5
Very very good academy,5
Thanks again,5
Ø³Ø¨ Ø³Û’ Ø²ÛŒØ§Ø¯Û ÙØ±Ø§Úˆ ÛÛ’,1
Ø¯Ø±Ø§Ø² Ø§ÛŒÙ¾ Ù…ÛŒÚº Ú¯ÛŒÙ… Ú©ÛŒÙˆ Ø¯ÛŒÛ’ Ú©ÛŒØ§ Ø§Ø³ Ù…ÛŒÚº Ø§Ù†Ø¹Ø§Ù…Ø§Øª Ú¾Û’ Ú©ÙˆØ¦ Ú¯ÙÙ¹ Ù…Ù„Û’ Ú¯Ø§,2
I work on it online at Naya Daraz and see how much money I will get,5
Ø§ÛŒÙ¾ Ú¯ÛŒÙ… Ú©ÛŒÙˆÚº Ø§Ø³ Ú©Ùˆ Ú©Ú¾Ù„Ù†Û’ Ø³Û’ Ú©ÛŒØ§ ÙØ§ÛŒØ¯Û Ú¾Û’,3
Ø¨ÛØª Ø´Ú©Ø±ÛŒÛ,5
zabar dast app,5
Nice,5
As,5
Ø§Ø¹Ù„ÛŒ,5
Ø³Ù„ÛŒÙ… Ø§Ù„Ù„Ù‘Ù°Û Ø®Ø§Ù†,5
good,5
good,5
best &good service ğŸ‘Œ,5
First time home buyer but this app is very importance and the kids will be here for you and the family are both is a very so thankful for you and best wishes ğŸ˜Œ,1
Daraz is the best app I have ordered a lot before and the delivery was also very good But the last seven items caused a lot of trouble Because that delivery boy did not send the order to my address And was telling elsewhere That's why I got worried The rest of the daraz app is good,5
good,5
Behtareen sahoolat hai,5
Feedback,5
Ù…Ø§Ø´Ø§Ø¡Ø§Ù„Ù„Û Ø¨ÛØª Ø§Ú†Ú¾ÛŒ Ø³ÛÙˆÙ„Øª ÛÛ’,5
Naiss,5
best,5
Ø¨ÛØª Ú¯Ù†Ø¯ÛŒ Ø§ÛŒÙ¾,1
Very good app l like it but my draz app oppen in problem please help me,5
MENE PAELI BAR MANGAWA HAI YE BHUAT HE ACHA APP HAI,1
Ø²Ø¨Ø±Ø¯Ø³Øª,5
Ø§Ø³Ù„Ø§Ù… Ø¹Ù„ÛŒÚ©Ù… ØŒ Ù…Ø­ØªØ±Ù… ØŒ Ø¨ÛØª Ø§Ú†Ú¾Ø§ Ú©Ø§Ù… Ú©Ø± Ø±ÛÛ’ ÛÛŒÚº ØŒ Ø¬Ø²Ø§Ú© Ø§Ù„Ù„Ù‘Ù‡ØŒ Ù„ÛŒÚ©Ù† Ù¾ÛÙ„Û’ (Ø¯Ø³ Ø±ÙˆÙ¾Û’) Ù„ÛŒØªÛ’ ØªÚ¾Û’ Ù„ÛŒÚ©Ù† Ø§Ø¨ (ØªÛŒØ³ Ø±ÙˆÙ¾Û’) Ù„ÛŒØªÛ’ ÛÛŒÚº Ø§Ø³ Ú©ÛŒ Ø³Ù…Ø¬Ú¾ Ù†ÛÛŒÚº Ø¢Ø¦ÛŒ Ú©Û Ú©ÛŒÙˆÚº Ù„ÛŒØªÛ’ ÛÛŒÚº ØŒ Ø¬Ø²Ø§Ú© Ø§Ù„Ù„Ù‘Ù‡ ØŒ,5
Ø§Ú†Ú¾ÛŒ Ú†ÛŒØ² ÛÛ’,5
Good,5
Nice app,5
good,1
5 star,5
Nice,5
nice,2
Ø¨ÛØª Ø²Ø¨Ø±Ø¯Ø³Øª ÛÛ’,5
Nice,5
Very nice ğŸ’ğŸ™‚ App,5
Good,5
abi pahla aorder hay. chalaney k bad pta chaley ga.,5
good,5
Good,5
Ø¨ÛØªØ±ÛŒÙ†,5
ok,5
Ø¨ÛØª Ø§Ú†Ø§,4
Ø¨Ø§Ù‚ÛŒ Ø§Ú†Ú¾Ø§ Ù†Ø¸Ø§Ù… ÛÛ’ Ù…Ú¯Ø± Ø§Ú©Ø«Ø± Ú†ÛŒØ²ÙˆÚº Ú©Ø§ Ø§ÙˆÙ¾Ø± ÙØ±ÛŒ ÚˆÛŒÙ„ÛŒÙˆØ±ÛŒ Ù„Ú©Ú¾ Ø±Ú©Ú¾Ø§ ÛÛ’ Ø¬Ø¨Ú©Û ÚˆÛŒÙ„ÛŒÙˆØ±ÛŒ ÙÛŒØ³ Ù¾ÙˆØ±ÛŒ Ú†Ø§Ø±Ø¬ Ú©Ø±ØªÛ’ ÛÛŒÚº Ø§Ú¯Ø± ÛŒÛ ÙØ±Ø§Úˆ Ø®ØªÙ… ÛÙˆØ¬Ø§Ø¦Û’ ØªÙˆ Ø§Ú†Ú¾Ø§ ÛÙˆÚ¯Ø§,5
Very nice,5
good,5
Ø³Ù…ÛŒØ¹ Ø¨Ú¾Ø§Ø¦ÛŒ Ø¹Ø³Ù„Ø§ Ù… Ø¹Ù„ÛŒÚ©Ù…,5
good,5
Best App,5
Ø§Ú†Ú¾Ø§,5
Ø¨ÛØª Ø®ÙˆØ¨,5
I love,5
â€Œâ€ Ø²Ø¨Ø±Ø¯Ø³Øª,5
very big many many lakhs,5
Ø¨ÛØªØ±ÛŒÙ†,5
nic,5
Ø¨ÛØª Ø¹Ù…Ø¯Û,5
Ø¯Ø±Ø§Ø² ÙˆØ§Ù„ÙˆÚº Ø³Û’ Ú¯Ø²Ø§Ø±Ø´ ÛÛŒÚ©Û ØªØ§Ø¬Ø± Ø­Ø¶Ø±Ø§Øª Ú©ÛŒÙ„Ø¦Û’ ÛÙˆÙ„ Ø³ÛŒÙ„ Ú©ÛŒ Ø³ÛÙˆÙ„Øª Ø¨Ú¾ÛŒ Ù…ÛŒØ³Ø± ÙØ±Ù…Ø§Ø¦ÛŒÚº,5
abhi to maine start kya Hai,5
ach hi,5
zabrdst,5
buhut ache,5
Wah,5
Mashallha good ğŸ‘,5
very Good,5
Ø¯Ø±Ø§Ø² Ø³Û’ Ø´Ú©Ø§ÛŒØª ÛÛ’ Ø§Ø³Û’ ØµØ±Ù Ú©Ø³Ù¹Ù…Ø± Ú©Ø§ Ù…ÙˆØ¨Ø§Ø¦Ù„ Ù†Ù…Ø¨Ø± Ù¾Ø± Ø¢ÚˆØ± Ø¨Ú© Ú©Ø±Ù„ÛŒÙ†Ø§ Ú†Ø§ÛÛŒÛ’ Û”Ù…Ø¬Ú¾Û’ Ù…Ù„Ù¹ÛŒ Ú©Ù„Ø± Ù„Ø§Ø¦Ù¹Ø³ Ú©ÛŒ Ø¶Ø±ÙˆØ±Øª ÛÛ’ Ø§Ø³Û’ Ø­Ù„ Ú©ÛŒØ¬Ø¦Û’ Û”Û”Û”,5
Very good ğŸ‘,5
mashaallah good work,5
good,5
Good ğŸ˜ŠğŸ‘â™¥ï¸ğŸ‡µğŸ‡°,5
Ù¾Û Ø²Ú‘Ú¯ÛŒ Ù¾ÙˆØ±ÛŒ â¤ï¸,5
Ù…Ø§Ø´Ø§Ù„Ù„Ú¾ Ø¨Ø®ÛŒØ±ØªÛŒ Ú©ÛŒ Ø§Ù†ØªÚ¾Ø§,4
Ø¨Ø·Ú†,1
Very good app,5
good,5
ok,5
bahut Achcha hai,5
Draz are the best stage for online shopping.,5
Nice,5
",â¤ï¸â¤ï¸â¤ï¸â¤ï¸â¤ï¸",5
abhi tak kuch nahi pata,5
I like this app but kabhi kabhi mistake hojati hai so I take this app 3 stars,3
Ø§Ù…ÛŒØ¯ Ú©Ø±ØªØ§ ÛÙˆÚº Ø¬Ùˆ Ù…Ù†Ú¯ÙˆÛŒØ§ ÛÛ’ ÙˆÛÛŒ Ø§Û’ Ú¯Ø§,5
Good,5
good,1
good app,5
Good,5
good,5
Very Good Shopping Mall Platform,5
Good,5
Ø¯Ø±Ø§Ø² Ø²Ø¨Ø±Ø¯Ø³Øª Ø§ÛŒÙ¾ Ú¾Û’ Ø³Ø¨ Ú©Ú†Ú¾ Ø²Ø¨Ø±Ø¯Ø³Øª Ú©ÙˆØ§Ù„Ù¹ÛŒ Ø¢Ø¦Ù¹Ù… Ù…ÙˆØ¬ÙˆØ¯ ÛÛŒÚº,5
Ú¾Ù…ÛŒØ´Û Ø®ÙˆØ´Úº Ø±Ú¾Ùˆ,4
5.G,5
Ù¹Ú¾ÛŒÚ©,1
Ø§Ú†Ú¾ÛŒ Ø§ÛŒÙ¾ Ú¾Û’,5
good,5
Behteeen dong machine,5
Ø³Ø¨ ØªÚ¾ÛŒÙ… ÙˆØ§Ù¾Ø³ Ú©Ø±Û’ Ø´Ú©Ø±ÛŒÛ,1
"No SOP for ""Sellers"" they can send fake items using ""Daraz""",1
Don't install this aap don't buy online shopping center stay away on daraz online aap save your money and save your time 1 rupee game fake aanousment plzzzzz don't install this aap adnan Ali ka gift deinğŸ˜¡ğŸ˜¡ğŸ˜¡ğŸ˜¡ğŸ˜¡,1
Shopping,3
Ø¨ÛØª Ø®ÙˆØ¨,5
Ø§Ú†Ú¾ÛŒ ÛÛ’,5
Ú©ÛŒÙˆÙ¹,5
Ø¨ÛØªØ±ÛŒÙ† Ø³Ø±ÙˆØ³,5
Ø²Ø¨Ø±Ø¯Ø³Øª Ú©Ø§Ù… Ú©Ø± Ø±ÛØ§ ÛÛ’,5
Very good,1
Ø¨ÛØª Ø§Ú†Ú¾Ø§ Ø¨ÛØªØ±ÛŒÙ† good,5
Ø¨ÛØª Ø§Ú†ÛØ§,5
Ø²Ø¨Ø±Ø¯Ø³Øª,5
Achi zap ha,5
Achii app hai,5
Zabardast,5
ÚˆÙˆÙ† Ù„ÙˆÚˆ Ù†ÛÛŒÚº Ú¾ÙˆØªØ§,1
Best customer service,5
Good,5
Thanks Daraz you solved the urdu language compatibility problem thumb up to developer and daraz once again. some minor text overlapping issues are but overall it is one and only best app and online shopping services in Pakistan.,5
Ú‰ÛØ± Ø²Ø¨Ø±Ø¯Ø³ØªÙ‡ Ø¯ÛŒ,5
Good,5
Good,5
Ø¨ÛØªØ±ÛŒÙ†,5
I love daraz,5
good,5
Nice,5
Ø§Ú†Ú¾ÛŒ ÛÛ’,5
Cdaq,5
ğŸ‘ and goooooooÃ²Ã²oÃ²oooooÃ²Ã²Ã²Ã²ooooooÃ²oÃ²d,5
ğŸ‘Œ,3
Ú¾Ú¯Ø¬Ú¾Ø®Ù†,5
Zabardast,5
Ø¨ÛØª Ø²Ø¨Ø±Ø¯Ø³Øª,5
Can't get my orders many time courier man is lazy ...,5
Good,5
Good,5
Nice crickets,5
Best app,5
Beautiful,5
Ø¨ÛØª Ø§Ú†Ú¾ÛŒ Ø§Ø¦Ù¾ ÛÛ’,5
Ø§Ù†ØªÚ¾Ø§ÛŒ Ø®ÙˆØ¨ØµÙˆØ±Øª appÚ¾Û’,5
Good,5
Yes yes,5
Good,5
Ø¨ÙˆÚ¾Ø¯ Ø¹Ø´Ø§,5
Ø¨ÛØªØ± Ø´Ø§Ù¾Ù†Ú¯ Ø§ÛŒÙ¾ ÛÛ’,5
Kamal nessa,5
Ø¨ÛØªØ±ÛŒÙ†,5
Good,5
Nice,5
Handsomely usefull,5
5 star,5
Zabrdast tajruba raha,5
Ø§Ù†ØªÛØ§Ø¦ÛŒ Ø¨Ø±ÛŒ Ø®Ø¯Ù…Ø§Øª ÛÛŒÚº Ø§Ù† Ú©ÛŒØŒ Ù…ÛŒÚº Ù†Û’ Ù¾ÛÙ„Ø§ Ø¢Ø±ÚˆØ± Ø¯ÛŒØ§ Ø§ÙˆØ± Ø§Ù†Ú¾ÙˆÚº Ù†Û’ Ú©ÛŒÙ†Ø³Ù„ Ú©Ø±Ø¯ÛŒØ§Û”,1
Good app I like this app this is so good,5
Low quality products..!,1
Ù…Ø§Ø´Ø§Ø¡ Ø§Ù„Ù„Û Ø§Ú†Ú¾ÛŒ Ø³Ø±ÙˆØ³ ÛÛ’,5
Ø¢Ø³Ø§Ù†ÛŒ Ù…Ù„ØªÛŒ ÛÛ’,4
not working properly,1
Ø²Ø¨Ø±Ø¯Ø³Øª Ø¨ÛØªÛ”Ø§Ú†Ú¾Ø§,5
"Pictures not visible for many products.. also, when installed the app is named ""lazandroid_myaccount"". The develope never bothered to fix the name of the app lol.",1
Wow,5
Very nice good job,4
Ø¨ÛØª Ø®ÙˆØ¨ Ø¬Ù†Ø§Ø¨,5
Ø¢Ø¬ ØªÚ© Ø¢Ù¾ Ù„ÙˆÚ¯Ùˆ Ù†Û’ ÙˆÙ† Ø±ÙˆÙ¾Û’ Ù…ÛŒÚº Ù…ÛŒØ±Ø§ Ø§Ù†Ø¹Ø§Ù… Ù†ÛÛŒÚº Ù†Ú©Ù„Ø§,5
Ø¹Ø§Ù„ÛŒ,5
Lo speed,2
Ø§Ø¹Ù„ÛŒ,5
Ø¯Ø±Ø§Ø² Ù…ÛŒÚº Ú©ÙˆØ¦ÛŒ Ø§Ú†Ú¾Ø§ Ú†ÛŒØ² Ù†ÛÛŒÚº Ù…Ù„Û’ Ú¯Ø§ Ø¹Ù„ÛŒ Ø§ÛŒÚ©Ø³Ù¾Ø±ÛŒØ³ Ù…ÛŒÚº ÛØ±Ú†ÛŒØ² Ø¨Ú¾ÛŒ Ø§ÙˆØ± Ø§Ú†Ú¾Ø§ Ø¨Ú¾ÛŒ Ù…Ù„Û’Ú¯Ø§,1
Ù…Ø§Ø´Ø§Ø¡Ø§Ù„Ù„Ù‡ Ø§Ú†Ú¾ÙŠ Ø§ÙŠÙ¾ Ú¾ÙŠ,5
good,5
Ø§Ø³Ù„Ø§Ù… Ø¹Ù„ÛŒÚ©Ù…ØŒ Ø§Ù„Ø­Ù…Ø¯Ù„Ù„Ù‘Ù°Ù‡ Ø¨ÛØª Ø§Ú†Ú¾ÛŒ ÛÛ’ØŒ Ø¬Ø²Ø§Ú© Ø§Ù„Ù„Ù‘Ù‡ØŒ,5
Ø¨ÛØª Ø§Ú†Ú¾Ø§ ÛÛ’,5
Good joob,5
Ø§Ù†Ù¹Ø±Ù¹ÛŒÙ†Ù…Ù†Ù¹ Ú©Û’ Ù„Ø¦Û’ Ø§Ú†Ú¾ÛŒ Ø§ÛŒÙ¾ ÛÛ’,5
Very good experience ğŸ˜Š,5
Umm pretty good,4
Ø²Ø¨Ø±Ø¯Ø³Øª Ø§ÛŒÙ¾Ù„ÛŒ Ú©ÛŒØ´Ù† ÛÛ’,5
Good,5
Ù…Ø§Ø´Ø§Ø¡ Ø§Ù„Ù„ÛØŒ Ø¨ÛØª Ø§Ø¹Ù„ÛŒÙ°ØŒ Ø®ÙˆØ¨ ØªØ± Ø§Ù„Ù„Û ØªØ¹Ø§Ù„ÛŒÙ° Ø¢Ù¾ Ø¬Ø²Ø§Ø¦Û’ Ø®ÛŒØ± Ø¹Ø·Ø§Ø¡ ÙØ±Ù…Ø§Ø¦Û’ Ø¢Ù…ÛŒÙ† Ø«Ù… Ø¢Ù…ÛŒÙ† ÛŒØ§ Ø±Ø¨ Ø§Ù„Ø¹Ø§Ù„Ù…ÛŒÙ†,5
Ø¨ÛØªØ± ÛÛ’,5
Amazing app,5
Ø§Ú†Ú¾Ø§Ú¾Û’,5
Ø²Ø¨Ø±Ø¯Ø³Øª,5
Nice experience on daraz so far,5
nice nice nice nice for shopping shopping nice,5
Ø²Ø¨Ø±Ø¯Ø³Øª Ø§ÛŒÙ¾ ÛÛ’,5
Nice,5
Huu,5
Purchasing fist time. Let c,5
Bht zabardast platform hy shopping k liy,5
Good,5
Good,5
Ø¢ Ù† Ù„Ø§Ø¦Ù† Ø´Ø§Ù¾Ù†Ú¯ Ú©Û’ Ù„ÛŒØ¦Û’ Ø¨ÛØªØ±ÛŒÙ† Ø§Ù¾Ù„ÛŒÚ©ÛŒØ´Ù† Ú¾Û’Û”,4
I Like darÃ¡s pk,5
Very good,5
Ø¹Ø¨Ø¯Ø§Ù„Ø±Ø­Ù…Ù†,5
Good,5
Ø¨Ø§Ù‚ÛŒ Ø³Ù¹Ø§Ø±Ø² Ø¨Ú¾ÛŒ Ø¯ÛŒÚº Ú¯Û’ ÛÙ… Ø§Ù¾ Ú©Ùˆ Ù¾Ø± Û”Û”Û”Û”Û”Û”Û”Û”Û”Û”Û”Û”,2
Very nice,5
Its easy to order and good app,5
Vip,5
ÛŒÛ Ú©ÛŒØ§ Ú†ÛŒØ² ÛÚºÛ’,3
Ø²Ø¨Ø±Ø¯Ø³Øª,5
Ø®ÙˆØ¨,5
Nice app,5
Behtreen,5
Nice app Thank you daraz But he slow ORF system,5
ÙˆØ§Ø¦Ùˆ,2
Not working properly in ORF system,1
Nice app,5
On Good app working app sieves,2
Good,5
Good luck,4
Ya app boht acha hai boht asan dealing payment but is ka sa product bad hain,4
Pakistan zinda abaad,5
Zabardast,5
Ù…ÛŒØ±Ø§ØªØ¬Ø±Ø¨Û ÛŒÛ Ú©Û Ø¯ÙˆØ±Ø§Ù† Ø¯Ø§Ø±Ø§Ø² Ú©Û’ Ø¹Ù„Ø§Ù‚Û’ ÛÛŒÚº Ø§Ù†Ú©ÛŒ ÚˆÙ„ÛŒÙˆØ±ÛŒ Ú©ÛŒ ÙˆØ¬Û Ø³Û’ Ø¨ÛØª Ù…ÛÙ†Ú¯Ø§ Ù¾Ú‘ØªØ§ ÛÛ’ Ù…Ø¬Ú¾Û’ Ø§Ù¾Ù†ÛŒ Ø¯ÙˆÚ©Ø§Ù† Ú©Û’ Ù„ÛŒÛ’ ØªÙ‚Ø±ÛŒØ¨Ù† ÙˆÙ† Ú©Û’ Ø¬ÛŒ Ú©Û’ Ù¾Ø§Ú©ÛŒÙ¹ Ú†Ø§ÛÛŒÛ’ ØªÙˆ ÙˆÛ Ù…Ø¬Ú¾Û’ Ø¨ÛØª Ù…ÛÙ†Ú¯Û’ Ù¾Ú‘ÛÛŒÚº Ú¯Û’ Ù…Ø¬Ú¾Û’ ØªÙ‚Ø±ÛŒØ¨Ù†120 Ú©Û’ Ø¬ÛŒ Ú†Ø§ÙˆÙ„ Ú†Ø§ÛÛŒÛ’ ØªÙˆ Ù…ÛŒÚº ÛŒÛ Ú©Ø³ Ø·Ø±Ø­ Ù…Ù†Ú¯ÙˆØ§ Ø³Ú©ØªØ§ ÛÙˆÚº Ø§ÙˆØ± ÚˆÙ„ÛŒÙˆØ±ÛŒ Ú†Ø§Ø±Ø¬Ø² Ø¨Ú¾ÛŒ Ú©Ù… Ú¾Ùˆ Ú©ÛŒØ§ Ø§ÛŒØ³Ø§ Ù…Ù…Ú©Ù† ÛÛ’Û”,5
Daraz should see the messages alerts. The deleted messages should be removed instead of reloading every time. Also provide the global command for All Messages READ / DELETE. It is so boring to see all the messages or deleting one by one specially the Ads. Secondly why every time there is a message generated when we open a product page or just have a look the options of order prior to finalize the payment. And usually a message appears that only 30 more minutes are remaining ... Please remove,3
V. Nice app,5
Ø¹Ù…Ø¯Û,5
Bakwasss,1
Very well I trust it.,5
Ø¨Ø³Ù… Ø§Ù„Ù„Ù‡ Ø§Ù„Ø±Ø­Ù…Ù† Ø§Ù„Ø±Ø­ÙŠÙ… Ø§Ù„Ø­Ù…Ø¯Ù„Ù„Ù‡ Ø±Ø¨ Ø§Ù„Ø¹Ø§Ù„Ù…ÙŠÙ† Ø§Ù„Ø±Ø­Ù…Ù† Ø§Ù„Ø±Ø­ÙŠÙ… Ù…Ø§Ù„Ùƒ ÙŠÙˆÙ… Ø§Ù„Ø¯ÙŠÙ† Ø§ÙŠØ§Ùƒ Ù†Ø¹Ø¨Ø¯ Ùˆ Ø§ÙŠØ§Ùƒ Ù†Ø³Øª Ø§Ù„Ù„Ù‡ Ù…Ø¹Ø§Ù ÙØ±Ù…Ø§Ø¦ÙŠÙŠ Ø§Ú†Ù‡ÙŠ Ù‡ÙŠ.,5
Ø®ÙˆØ¨ Ø§ÙˆØ± Ù…Ø¹ÛŒØ§Ø±ÛŒ,5
Good,5
ÙˆÛŒÙ¾ÛŒ,5
Your new version of daraz app is very disturbing and mindtroubling and a man needs alot of patience to use this version plz improve your version for customers facility.,1
Fake service,5
good online shopping app,5
"Very bad update , after i update this i didn't see any picture of product ,and also didn't see seller shop picture , there is many issues in update please quickly solve them",1
best,5
qq m BMW and Audi the first time since I was thinking that the first of the same place as last year in a while ago and tomorrow night at the only one that can help you to be a,5
Nice,5
Ø§Ø³Ø¯Ø§Ù„Ù„Ù‡,5
sania sania,5
Irshad Qazi,5
Ú¾Ú¯ÛÙÙ,5
siel min ka number Bhi hona chyi,5
Ø§Ù„Ù„Û Ù¾Ø§Ú© ÚºØ¦,5
Ø±ÙÛŒÙ‚Û”Ø§Ø­Ù…Ø¯,5
bahot bora hai,5
Ø¬Ú¾ÙˆÙ¹ Ø¨ÛØª Ø¨Ú©ØªØ§ ÛÛ’ Ø§Ø³ Ø§ÛŒÙ¾ Ù¾Ø±,2
Ø¨ÛØª Ø§Ú†Ú¾Ø§ ÛÛ’,5
Very good nice,5
wonderful app,5
fake app,1
Ø§ÛŒÚ© ÛØ²Ø§Ø± Ú©ÛŒ Ú†ÛŒØ² Ú©Ùˆ Ø¯Ùˆ ÛØ²Ø§Ø± Ú©ÛŒ Ù„Ú¯Ø§ Ú©Ø± Ù¾Ø§Ù†Ú† Ø³Ùˆ Ú©Ø§ ÚˆØ³Ú©Ø§Ø¤Ù†Ù¹ Ø¯ÛŒØ§ ÛÛ’ .... Ú¯Úˆ Ú©ÛŒÙ¾ Ø§Ù¹ Ø§Ù¾ ğŸ˜‚,3
Its very good,5
Nice,5
Ye App Store jaldi open hi nhi hota aur agr open hojata hai to wish list mein janay k liye bar bar account mangta hai face book say account Conact karo to nhi hota is liye i don't shor this app,2
Ya bohat achi hy,5
Ø¹ÙˆØ§Ù… Ú©ÛŒ Ø¨ÛØª Ø¢Ø³Ø§Ù†ÛŒ Ú©Ø§ Ø®ÛŒØ§Ù„ Ø±Ú©Ú¾Ø§ Ú¯ÛŒØ§ ÛÛ’,5
Thanks,5
Good deal,5
good,5
very nice ğŸ‘ğŸ‘ğŸ‘ğŸ‘ğŸ‘,5
No-no noğŸ’”ğŸ’”ğŸ˜‚ğŸ˜‚ğŸ˜‚ğŸ˜‚ğŸ™ğŸ™ğŸ™,1
Before was easy to follow orders in realtime now the map is hidden behind other information and cannot see the rider location,1
Ú©ØµØ¬Ø¶Ø¬Ø¬Ø¶Ø¬Ø¬ÙˆØ¬ØµØ¬Ø¬ØµØ¬ØµØ¬ØµØ¬ÙˆØ¬Ø¬ÙˆØ¬ØµØ¬Ø¬ÙˆØ¬ÙˆØ¬Ø¬ÙˆØ¬Ø¬ÙˆØ¬ÙˆØ¬,2
Ok,3
best,5
Nice service ğŸ‘Œ,4
Ø¨Ø§Ù„Ú©Ù„ ÙØ§Ø±Øº Ø§ÛŒÙ¾ ÛÛ’ Ø¢ÚˆØ± Ù…Ú©Ù…Ù„ Ú©Ø±Ù†Û’ Ø¨Ø¹Ø¯ Ú©ÛØªÛ’ ÛÛŒÚº Ø¢Ù¾Ú©Ùˆ Ø®ÙˆØ¯ Ø¬Ø§Ú©Û’ Ù„ÛŒÙ†Ø§ Ù¾Ú‘Û’ Ú¯Ø§ Ø§Ú¯Ø± Ø®ÙˆØ¯ Ø¨Ù†Ø¯Û Ø¬Ø§Ø¦Û’ Ø¢Ù¾Ú©ÙˆÚˆØ§ÙˆÙ†Ù„ÙˆÚˆ Ú©Ø±Ú©Û’ Ú©ÛŒØ§ ÙØ§Ø¦Ø¯ÛØŸ,1
Saif,5
Sahi hain,5
Noman and I have been working on the same since we discussed our project with you and I have attached the latest version of the project report for the project management project management role,1
Ø¨ÛØªØ±ÛŒÙ† Ù…Ø¹ÛŒØ§Ø± ÛÛ’,5
Nice,5
Good,5
Sometimes very poor response but overall good for food lovers,4
ÚˆÙˆÙ† Ù„ÙˆÚˆ Ù†ÛÛŒÚº Ù‡ÙˆØ±ÛØ§,5
Delivery charges is too high.overall good app.everything is available on it,4
Shandar,5
Ø§Ø¹Ù„ÛŒ,5
Abhi tak to fida howa nhi jab ho ga pta chly ga,5
Good,5
Good app,4
Very useful and secure.,5
Zeeshan,5
Ok,1
Ù†Ù„,1
Ø§Ù†ØªÛØ§Ø¦ÛŒ ÙØ¶ÙˆÙ„ØŒ Ø¨ÛŒÚ©Ø§Ø±ØŒ Ù†Ú©Ù…ÛŒØŒ Ú¯Ú¾Ù¹ÛŒØ§ Ø§ÛŒÙ¾ØŒ Ø§Ø³ Ø§ÛŒÙ¾ Ù¾Ø± Ú©Ø³ÛŒ Ø±ÛŒØ³Ù¹ÙˆØ±Ù†Ù¹ Ú©Ùˆ ÚˆÚ¾ÙˆÙ†ÚˆÙ†Û’ Ø³Û’ Ø¨ÛØªØ± ÛÛ’ Ø¨Ù†Ø¯Û Ø®ÙˆØ¯ ÛÛŒ Ù¾ÙˆØ±Û’ Ø´ÛØ± Ù…ÛŒÚº Ú¯Ú¾ÙˆÙ… Ú©Ø± Ø§Ø³Û’ ÚˆÚ¾ÙˆÙ†Úˆ Ù„Û’ØŒ Ø³Ø±Ú† Ù…ÛŒÚº Ø´Ù„Ø¬Ù… Ù„Ú©Ú¾Ùˆ ØªÙˆ Ø±Ø²Ù„Ù¹ Ù…ÛŒÚº Ù¹ÛŒÙ†ÚˆØ§ Ø¢ØªØ§ ÛÛ’ØŒ Ù¾ØªÛ Ù†ÛÛŒÚº Ú©Ø³ Ø¬Ù†Ú¯Ù„ÛŒ Ù†Û’ Ø§Ø³ Ø§ÛŒÙ¾ Ú©Ùˆ ÚˆÛŒØ²Ø§Ø¦Ù† Ú©ÛŒØ§ ÛÛ’Û” Ù…ÛŒÚº Ú©Ø³ÛŒ Ø±ÛŒØ³Ù¹ÙˆØ±Ù†Ù¹ Ú©Ø§ Ù†Ø§Ù… Ù„Ú©Ú¾ØªØ§ ÛÙˆÚºØŒ Ø§Ø³ÛŒ Ù†Ø§Ù… Ú©Û’ Ø±Ø²Ù„Ù¹Ø³ Ø¢Ù†Û’ Ú©Û’ Ø¨Ø¬Ø§Ø¦Û’ Ø¯ÙˆØ³Ø±Û’ Ù†Ø§Ù…ÙˆÚº Ú©Û’ Ø³ÛŒÙ†Ú©Ú‘ÙˆÚº Ø±Ø²Ù„Ù¹ Ú©Ú¾Ù„ Ø¬Ø§ØªÛ’ ÛÛŒÚºÛ”,1
"Deleted app from my mobile. Bought audionic earpods from pandamart for 3500 but they are faulty. Launched complain but it is closed written ""food quality complain"".",1
Very helpfull low price best qualty food and quick delivery.,1
Nice,5
Very nice,5
Nice,1
Ù„Ú©ÛŒ Ú¯ÙˆÙ„Úˆ,5
Good,5
Ø¨ÛØª Ø¢Ø³Ø§Ù†,5
Ù…ÛŒØ±Û’ Ø®ÛŒØ§Ù„ Ù…ÛŒÚº ÛŒÛ Ø§ÛŒÚ© Ø²Ø¨Ø±Ø¯Ø³Øª Ø³Ø±ÙˆØ³ ÛÛ’ Ù„ÛŒÚ©Ù† Ø¯Ú©Ø§Ù†Ø¯Ø§Ø± Ø´Ú©Ø§ÛŒØª Ú©Ø±ØªÛ’ ÛÛŒÚº Ú©Û ÙÙˆÚˆ Ù¾Ø§Ù†ÚˆÛ’ ÙˆØ§Ù„Û’ Ú©Ù…ÛŒØ´Ù† Ø¨ÛØª Ø²ÛŒØ§Ø¯Û Ù„ÛŒØªÛ’ ÛÛŒÚº,5
Excellent,5
ÛŒØ§Ø§Ù„Ù„Û Ø³Ø¨ ØºØ±ÛŒØ¨ÙˆÚº Ú©ÛŒ Ù…Ø¯Ø¯ Øª Ú©Ø±ÛŒÚº ÛŒØ§Ø§Ù„Ù„Û Ú¾Ù… Ø³Ø¨ Ú©Ùˆ ØªÙˆÙÛŒÙ‚ Ø¹Ø·Ø§ ÙØ±Ù…Ø§Ø¦Û’ Ø¢Ù…ÛŒÙ† ÛŒØ§Ø±Ø­ÛŒÙ… Ú©Û’Ø±Ù…Ø¶Ø§Ù† Ú©ÛŒ Ù…Ø§Úº Ù…ÛŒÚº Ú¾Ù… ØºØ±ÛŒØ¨ÙˆÚº Ú©ÛŒ Ù…Ø¯Ø¯Øª Ú©Ø±Ù†Û’ÙˆØ§Ù„ÙˆÚº Ù…ÛŒÚº Ú¾Ùˆ ÛŒØ§Ú©Ø±ÛŒÙ… Ø§Ù„Ù„Û Ø§Ù¾ ØªÙˆØ®Ø²Ù†Ùˆ Úº Ú©Ø§Ù…Ù„Ú© Ú¾Û’Ø¬Ùˆ Ù…Ù‚Ø±ÙˆØ¶ Ú¾Û’ Ø¬ÙˆØ¨Ù…Ø§Ø±Ú¾Û’ ÛŒØ§Ø§Ù„Ù„Û Ø³Ø¨ Ú©ÛŒ Ú¾Ø¬Ø§Øª Ù¾ÙˆØ±ÛŒ ÙØ±Ù…Ø§Ø¦Û’ Ø¢Ù…ÛŒÙ† ÛŒØ§Ø±Ø­ÛŒÙ… ÛŒØ§Ú©Ø±ÛŒÙ… ÛŒØ§Ø§Ù„Ù„Û Ø­Ø±Ø§Ù…Ø¬Ø¨ÙˆØ± Ú©Û’Ù…Ø¯Øª,5
ÙØ¶ÙˆÙ„,1
Ø§Ø³Ù„Ø§Ù… Ø¹Ù„ÛŒÚ©Ù… Ø¨ÛØª Ø§Ú†Ú¾Ø§ Ù„Ú¯Ø§ Ø¢Ù¾ Ú©Ø§ Ú©Ú¾Ø§Ù†Ø§ Ú©Ú¾Ø§ Ú©Û’,5
Ø§Ù„Ø³Ù„Ø§Ù… Ø¹Ù„ÛŒÚ©Ù… ÙˆØ±Ø­Ù…ØªÛ Ø§Ù„Ù„Û: Ø¨ÛØª Ø¨ÛØªØ±ÛŒÙ†ØŒ Ù„Ø°ÛŒØ° Ù¾Ú©ÙˆØ§Ù† Ø¨ÛØª Ø§Ú†Ú¾ÛŒ Ù‚ÛŒÙ…Øª Ù…ÛŒÚº ÙÙˆÚˆÙ¾Ø§Ù†ÚˆØ§ Ú©Û’ ØªÙˆØ³Ø· Ø³Û’ Ú©Ú¾Ø§Ù†Û’ Ú©Ùˆ Ù…Ù„Û’Û”Ø´Ú©Ø±ÛŒÛ Ù…Ø­Ù…Ø¯ Ø·Ø§Ø±Ù‚,5
Bakwas foodpanda waly ap drivers ko zalili boht krty ha,1
ÛÙ…Ù…Ù… ÛÛŒÚ©Ø±Ø² Ú©ÛŒ Ø·Ø±Ù Ø±ØºÚ‘Ù¹Ú‘ Ú¾Ø¨Ø¨Ù¹Ø«Ø«Û’Ú¯ Ø¹Ø¯Ø¯ Ø«Ø°Ø§Û” Ú©ÛŒ Ø°,3
Good app,5
Failed app Qith no deactivate option please be care ful before installing,1
Behtreen,5
Acha,1
Amazing app,5
Ø¬ÛŒ ÛØ§Úº ÛŒÛ Ø¶Ø±ÙˆØ± ÛÛ’ Ù„ÛŒÚ©Ù†,5
Nice amazing,3
Ø¨ÛØªØ±ÛŒÙ†,5
Ø§Ø¹Ù„Ù°ÛŒ,5
Nice,5
Excellent service,5
Excellent service.,5
Ø¢Ø§Ø§Ø§Ø§Ø§Ø§Ø§Ø§Ø§Ø§Ø§,1
Ozool,1
Usama sabir was born,5
very good,5
I Ø§Ù„Ù„Û ØªØ¹Ø§Ù„ÛŒÙ° Ø¢Ù¾ Ú©Ùˆ Ø§Ù¾Ù†Û’ Ø­ÙØ¸ Ùˆ Ø§Ù…Ø§Ù† Ù…ÛŒÚº Ø±Ú©Ú¾Û’ Ø¢Ù…ÛŒÙ† Ø«Ù… Ø¢Ù…ÛŒÙ† ÛŒØ§ Ø±Ø¨ Ø§Ù„Ø¹Ø§Ù„Ù…ÛŒÙ†,5
It's service is getting worst day by day. This is the third time I getting delays in order. This time order was cancelled after the waiting of two hours without any notice. While three times agents told me that it is on the way and will arrive in 5-10 minutes,1
Ø§Ú†Ú¾ÛŒ ÛÛ’,4
Ù…ÛŒÚº Ù†Û’ Ù¾Ø§Ú©Ø³ØªØ§Ù† Ú©Û’ Ù„Ø¦Û’ Ø¯Ø¹Ø§ Ú©ÛŒ ÛÛ’ Ø§ÙˆØ± ÙˆÛ Ø¯Ø¹Ø§ Ø¨Ú¾ÛŒ Ù‚Ø¨ÙˆÙ„ ÛÙˆØ¦ÛŒ ÛÛ’ Ø±Ø¨ Ú©Ø§ Ø´Ú©Ø± ÛÛ’ Ø¢Ù¾ Ù„ÙˆÚ¯ Ø¨Ú¾ÛŒ Ø´Ú©Ø± Ú©Ø±Ùˆ Ø§Ø¨ ÛŒÛ Ø¬Ùˆ Ù¾Ø§Ú©Ø³ØªØ§Ù† ÛÛ’ ÛŒÛ Ø¨ÛØª Ø§Ú†Ú¾Ø§ Ø¬ÛØ§Ù† ÛÛ’ Ú©Ø§ÙØ± Ø¨Ú†Ø§Ø±Û’ ÚˆØ±Ù¾ÙˆÚ© Ø§Ø³ Ù¾Ø± Ø­ÛŒØ±Ø§Ù† ÛÛ’ Ù‚Ø§Ø¦Ø¯ Ø§Ø¹Ø¸Ù… Ù…Ø­Ù…Ø¯ Ø¹Ù„ÛŒ Ø¬Ù†Ø§Ø­ Ø±Ø­Ù…Ûƒ Ø§Ù„Ù„Û Ø¹Ù„ÛŒÛ Ø§Ø³ Ú©Ø§ Ù†Ø§Ù… Ø±Ú©Ú¾ Ù¾Ø§Ú©Ø³ØªØ§Ù† ÛÛ’ Ø§Ø³ Ù…ÛŒÚº Ù„Ø§Ú©Ú¾ÙˆÚº Ú©ÛŒ ØªØ¹Ø¯Ø§Ø¯ Ù¾Ø± Ø¢ÙØ¶Ù„ Ø§Ù„Ù‚Ø±Ø¢Ù† Ø±Ø­Ù…Øª Ø±Ø­Ù…Øª Ø±Ø¨ Ú©ÛŒ Ø¨Ø±Ø³ØªÛŒ ÛÛ’ Ø¬Ù† Ú©Û’ Ø³ÛŒÙ†ÙˆÚº Ù…ÛŒÚº Ù‚Ø±Ø¢Ù† ÛÛ’ Ù¾Ø§Ú©Ø³ØªØ§Ù† Ù…ÛŒÚº Ù…Ø³Ø¬Ø¯Û’ Ø±Ø¨ Ú©Ø§ Ø¨ÛØª Ù¾ÛŒÙ¾Ú¾Ø§Ù† ÛÛ’ Ù†Ù…Ø§Ø² Ù¾Ú‘Ú¾Ù†Û’ Ø¬Ø¨ Ø¬Ø§ØªØ§ ÛÙˆÚº Ø³Ù†ÛŒ Ø´ÛŒØ¹Û Ø¯ÛŒÙˆØ¨Ù†Ø¯ÛŒ Ø§ÛÙ„ Ø­Ø¯ÛŒØ« Ø¨Ú¾ÛŒ Ù…Ø¬Ú¾ Ù¾Ø± Ø­ÛŒØ±Ø§Ù† ÛÛ’ Ù¾ÛŒØ§Ø±Ø§ Ù¾Ø§Ú©Ø³ØªØ§Ù† ÛÛ’ ÛŒÛ Ù¾ÛŒØ§Ø±Ø§ Ù¾Ø§Ú©Ø³ØªØ§Ù† ÛÛ’,5
Ø¨Ø±ÛŒ,1
Ok,5
Good,5
I would recommend this app.,5
Yah bakwas app mein se bahut Pareshan,5
Best,5
Ø¨ÛØª Ø§Ú†Ú¾ÛŒ Ø³Ø±ÙˆØ³ ÛÛ’ Ø¨ÛØª Ù…Ø²ÛŒØ¯Ø§Ø± ÛÛŒÚº Ú©Ø¨Ø§Ø¨ Ø±ÙˆÙ„,5
Nice and easy to use interface,5
Ø§Ú†Ú¾Ø§ ÛÛ’,3
Ø§Ø¨ÙˆØ¨Ú©Ø±,5
Ø¢Ø¬ ÙÙˆÚˆ Ù¾Ø§Ù†ÚˆØ§ Ú©Û’ Ø°Ø±ÛŒØ¹Û’ Ø³Ù¾Ø± Ù„Ø§ÛÙˆØ±ÛŒ ÙÙˆÚˆ Ø³ØªÛŒØ§Ù†Û Ø±ÙˆÚˆ ÙÛŒØµÙ„ Ø¢Ø¨Ø§Ø¯ Ø³Û’ Ø¨Ø±ÛŒØ§Ù†ÛŒ Ø§ÙˆØ± Ú©Ø±ÛŒÙ… Ú©Ø³Ù¹Ø±Úˆ Ù…Ù†Ú¯ÙˆØ§ÛŒØ§ØªÙ‡Ø§ Ø¬Ùˆ Ø§Ù†ØªÛØ§Ø¦ÛŒ Ø¨Ø¯Ù…Ø²Û Ø¨Ú©ÙˆØ§Ø³ ØªØ±ÛŒÙ† Ø§ÙˆØ± Ø¨Û’ Ú©Ø§Ø± ØªÙ‡Ø§. Ø§Ø³ Ø³Û’ Ù¾ÛÙ„Û’ Ù…Ù‚Ø¯Ø³ Ù¹ÛŒØ³Ù¹ÛŒ Ù¾ÙˆØ§Ø¦Ù†Ù¹ ÙÛŒØµÙ„ Ø¢Ø¨Ø§Ø¯ Ø³Û’ Ù†Ø§Ø´ØªÛ Ù…Ù†Ú¯ÙˆØ§ Ú©Ø± Ú©Ù‡Ø§ÛŒØ§ ØªÙˆ Ø§Ø³ Ú©Û’ Ú†Ù†Û’ Ø§ÙˆØ± Ú©ÙˆÙØªÛ’ Ø¨Ù‡ÛŒ Ø§Ù†ØªÛØ§Ø¦ÛŒ Ø§Ù†ØªÛØ§Ø¦ÛŒ Ø¨Û’ Ú©Ø§Ø± ØªÙ‡Û’. Ø§Ø³ Ø³Û’ Ù¾ÛÙ„Û’ Ù…Ù† Ùˆ Ø³Ù„ÙˆÛŒ ÙÛŒØµÙ„ Ø¢Ø¨Ø§Ø¯ Ú©ÛŒ Ø¨Ø±ÛŒØ§Ù†ÛŒ Ù…Ù†Ú¯ÙˆØ§Ø¦ÛŒ ØªÙˆ Ø¬Ø³ Ú©ÛŒ Ø´Ø§Ù…ÛŒØ§Úº Ø¨Ø§Ø³ÛŒØŒÚ†Ø§ÙˆÙ„ Ù…ÙˆÙ¹Ø§ Ø§ÙˆØ± Ú©Ú†Ø§ ØªÙ‡Ø§ØŒØ¬Ø³Û’ Ú©Ù‡Ø§ Ú©Ø± ÙÙˆÚˆ Ù¾ÙˆØ§Ø¦Ø²Ù†Ú¯ Ø¨Ù‡ÛŒ ÛÙˆÚ¯Ø¦.,1
Ok,3
Brilliant,5
Ok,5
User friendly,4
No interest please stop ad,1
First diner,5
Ø§Ú†Ú¾ÛŒ Ø§ÛŒÙ¾Ø³ Ø§ÙˆØ± Ø³ÛÙˆÙ„Øª ÛÛ’,5
good,5
Ø§Ù†ÙˆØ±,3
Nice,5
Ø§Ú†Ú¾ÛŒ Ø³Ø±ÙˆØ³. Ø¨ÛØªØ± Ø®Ø¯Ù…Øª,5
Ø¨Ù„ Ú¾ÙˆÙ¹Ù„ Ú©Ø§ Ú©Ù… Ú¾ÙˆØªØ§ Ú¾Û’ Ø§ÙˆØ± Ø±Ø§Ø¦ÚˆØ± Ú©Û’ Ù¾Ø§Ø³ Ø°ÛŒØ§Ø¯Û,5
best,5
Ø¨Ù„Ú©Ù„ Ø¨ÛŒÚ©Ø§Ø± ÛÛ’,1
Ø¨ÛØª Ø¨ÛØªØ±ÛŒÙ† Ø³Ø±ÙˆØ³ ØªÚ¾ÛŒ Ù„ÛŒÚ©Ù† Ø§Ø¨ Ø®ØªÙ… ÛÙˆ Ú¯Ø¦ÛŒ,5
ok,5
V good service,5
Ø§Ù¾ Ú©ÛŒ Ø¨Ú¾ÛŒ Ø³Ø±ÙˆØ³ Ø§Ú†Ú¾ÛŒ ØªÚ¾ÛŒ,5
Ride Prise is very High againest Yango,5
Capacity for feasibility,5
Ù…Ø§Ø´Ø§Ø§Ù„Ù„Û,4
Ø¨ÛØª Ø§Ú†Ú¾Ø§,5
Nice,5
Al Hamdulillahi Rabbil Alameen jazakumullah may ALLAH protect you all and Happy you all Forever here and hereafter in Akhirah Ameen,5
Ø§ÛŒÚ©Ø³ÛŒÙ„ÛŒÙ†Úˆ,5
Ø§Ù† Ø±Ø§Ø¦Úˆ Ø³Û’ Ø¨ÛØª Ø§Ú†Ú¾Ø§ ÛÛ’,5
Best,5
Ú©Ø±ÛŒÙ… Ø²Ø¨Ø±Ø¯Ø³Øª ÛÛ’,5
Ø¨ÛØªØ±ÛŒÙ†Û” Ù…ÛŒØ±Ø§ Ù„Ø§ÛÙˆØ± Ø§ÙˆØ± Ú©Ø±Ø§Ú†ÛŒ Ù…ÛŒÚº Ø¨ÛØª Ø§Ú†Ú¾Ø§ ØªØ¬Ø±Ø¨Û Ø±ÛØ§Û”Û”,4
Ø¨ÛØª. Ø§Ú†Ú¾ÛŒ. ÛÛ’,5
Best,5
Good,5
Ø¨ÛØª Ù¾Ø±Ø³Ú©ÙˆÙ† ÛÛ’,5
Ú©Ø±ÛŒÙ… ÙˆØ§Ù„ÛŒÙ¹ Ù…ÛŒÚº Ø±Ù‚Ù… Ø¬Ù…Ø¹ Ú©Ø±Ø§Ù†Û’ Ú©Ø§ ÙˆØ§Ø­Ø¯ Ø·Ø±ÛŒÙ‚Û Ú©Ø±ÛŒÚˆÙ¹ ÛŒØ§ ÚˆÛŒØ¨Ù¹ Ú©Ø§Ø±Úˆ Ú©Ø§ ÛÛ’Û” Ø¬Ø¨Ú©Û Ø§Ú©Ø«Ø± Ú©Ø±ÛŒÚˆÙ¹ Ú©Ø§Ø±Úˆ Ø§Ø³ Ø·Ø±Ø­ Ø±Ù‚Ù… Ø¨Ú¾ÛŒØ¬Ù†Û’ Ø³Û’ Ø§Ù†Ú©Ø§Ø± Ú©Ø±ØªÛ’ ÛÚºØ¨Úº Ø¨Ø´Ù…ÙˆÙ„ Ø§ÛŒØ²ÛŒ Ù¾ÛŒØ³Û Ø§ÙˆØ± Ø¬Ø§Ø² Ú©ÛŒØ´Û” Ø§Ú¯Ø± Ø§ÛŒØ²ÛŒ Ù¾ÛŒØ³Û ÛŒØ§ Ø¬Ø§Ø² Ú©ÛŒØ´ Ø§ÛŒÙ¾Ù„ÛŒÚ©Ø´Ù† Ø³Û’ Ø±Ù‚Ù… Ø¬Ù…Ø¹ Ú©Ø±Ø§Ù†Û’ Ú©ÛŒ Ø³ÛÙˆÙ„Øª Ø¯Ø³ØªÛŒØ§Ø¨ ÛÙˆ Ø¬Ø§Ø¦Û’ ØªÙˆ Ø§Ø³ Ø§ÛŒÙ¾ Ú©Û’ Ø§Ø³ØªØ¹Ù…Ø§Ù„ Ù…ÛŒÚº Ø¨ÛØª Ø¢Ø³Ø§Ù†ÛŒ ÛÙˆ Ø³Ú©ØªÛŒ ÛÛ’Û”,3
Good ğŸ‘ğŸ‘ğŸ‘,5
Ø²Ø¨Ø±Ø¯Ø³Øª,5
Ø§ÙˆÚ©Û’,4
Very nice service the captain and car was very good,5
Ú¯Úˆ,5
Good but not in various conditions,4
Ø§Ú†Ú¾ÛŒ ÛÛ’,5
Ø¨ÛØª Ø§Ú†Ú¾Ø§,5
Ø¨ÛØªØ±ÛŒÙ†,3
Company is fraud and app is least user friendly.,1
"This application asks for updates daily, what is this nonsense?",1
Achi service...,5
Nice but car ki halat thek nahi hoti,3
Ù…ÛŒØ±Û’ Ù„ÛŒÛ’ Ø¨ÛØª Ø§ÛÙ… ÛÛ’,5
Excellent,5
Ø¨ÛØªØ±ÛŒÙ† Ø³ÛÙˆÙ„Øª Ú¾Û’ Ø¹ÙˆØ§Ù… Ú©ÛŒÙ„Û“,5
gr8 Ø³Ø±ÙˆØ³,5
Ø¹Ù…Ø¯Û,5
ğŸ‡µğŸ‡°ğŸ‡µğŸ‡°ğŸ‡µğŸ‡°ğŸ‡µğŸ‡°ğŸ‡µğŸ‡°Nice,5
Zabardast,5
Ø²Ø¨Ø±Ø¯Ø³Øª OK,5
Very good app,5
Ù†ÛØ§ÛŒØª Ø¹Ù…Ø¯Û Ø³Ø±ÙˆØ³ ÛÛ’,5
Ø¨Ø±ÛŒ,1
Ø§Ø±Ø¯Ùˆ Ù†Ø¸Ø§Ù… Ø³Û’ Ù…Ø·Ø§Ø¨Ù‚Øª Ù†ÛÛŒÚº,2
Ù…Ø§Ø´Ø§Ø¡ Ø§Ù„Ù„Û Ø¨ÛØª Ø§Ø¹Ù„ÛŒÙ° Ø§Ù„Ù„Û ØªØ¹Ø§Ù„ÛŒÙ° Ø¢Ù¾ Ú©Ùˆ Ø¬Ø²Ø§Ø¦Û’ Ø®ÛŒØ± Ø¹Ø·Ø§Ø¡ ÙØ±Ù…Ø§Ø¦Û’ Ø¢Ù…ÛŒÙ†,5
Ø¨ÛØª Ø¸Ø§Ù„Ù…,1
Lanat.tuyad.palce.ta,1
Ø§Ú†Ú¾ÛŒ ÛÛ’,5
Feel better,5
Very nice ğŸ‘,1
Ø²Ø¨Ø±Ø¯Ø³Øª,5
Ú©Ø±ÛŒÙ… Ø§ÛŒÙ¾ Ø§Ú†Ú¾ÛŒ ÛÛ’ Ù…Ú¯Ø± Ø§Ø³ Ù…ÛŒÚº Ø¢ ÚˆÛŒ Ø¨Ù†Ø§Ù†Û’ Ú©Û’ Ø¨Ø¹Ø¯ Ø¬ÙˆÙ¾Ø§Ø³ÙˆØ±Úˆ Ù…Ø§Ù†Ú¯ØªØ§ ÛÛ’ ÙˆÛ Ø¢ Ú¯Û’ Ù†ÛÛŒÚº Ø¬Ø§ØªØ§ÛÛ’ Ù…ÛØ±Ø¨Ø§Ù†ÛŒ ÙØ±Ù…Ø§ Ú©Ø± Ø§Ø³ Ú©Ùˆ Ø¯Ø±Ø³Øª Ú©Ø±Û’,3
Ú©Ø±ÛŒÙ… Ù…ÛŒÚº Ø§Ø±Ø¯Ùˆ Ø²Ø¨Ø§Ù† Ú©Ø§ Ø§Ù†Ø¯Ø±Ø§Ø¬ Ú©ÛŒØ¬Ø¦Û’,5
Ø¨ÛØª Ø¹Ù…Ø¯Û ÛÛ’,5
Awsome,5
Ø¨ÛØª Ø§Ú†Ú¾ÛŒ Ø³Ø±ÙˆØ³ ÛÛ’,5
Ø³ÛŒÙ Ø§ÙˆØ± Ø§Ø¹ØªÙ…Ø§Ø¯ÛŒ Ø§Ø¯Ø§Ø±Û Ú©Ø³Ù¹Ù…Ø± Ú©ÛŒÙ„Ø¦Û’,2
Good,5
Ap taxi,5
Ø¢ÛØ³ØªÛ Ù…Ú¯Ø± Ú©Ø§Ù… Ú©Ø±ØªÛŒ ÛÛ’,3
Nice,5
best service in rawalpindi I hope careem service in my City pallandri main bi shoro ho gi,5
Ø§Ø±Ø¯Ùˆ Ù„ÛŒÙ†Ú¯ÙˆÛŒØ¬ Ø³Ù„ÛŒÚ©Ø´Ù† Ù…ÛŒÚº Ù†ÛÛŒÚº ÛÛ’Û” Ø´Ø§Ù…Ù„ Ú©Ø±ÛŒÚºÛ”,3
Naic,5
Love you careem love Pakistan ğŸ˜˜ğŸ˜,5
Ø¨ÛØªØ±ÛŒÙ† Ø§ÙˆØ± Ø§Ú©Ø§Ù†ÙˆÙ…ÛŒÚ©Ù„ Ø±Ø§Ø¦ÚˆÙ†Ú¯ Ø§ÛŒÙ¾Ù„ÛŒÚ©ÛŒØ´Ù†Ø² Ø¬,5
Ú¯Ú¾Ù¹ÛŒØ§ Ø³Ø±ÙˆØ³ Ø±Ø§Ø¦ÚˆØ± Ù¾Ø§Ù†Ú† Ù…Ù†Ù¹ Ú©Ø§ Ú©ÛÛ Ú©Ø± Ø¢Ø¯Ú¾Ø§ Ú¯Ú¾Ù†Ù¹Û Ù„Ú¯Ø§ Ø¯ÛŒØªÛ’ ÛÛŒÚº Ø§Ù¾Ù†Û’ Ù…Ù‚Ø§Ù… Ú©Ùˆ Ù…Ù†ØªØ®Ø¨ Ú©Ø±Ù†Û’ Ú©Û’ Ø¨Ø¹Ø¯ Ø¬Ùˆ Ø±Ù‚Ù… ÛÙ… Ú©Ø³Ù¹Ù…Ø±Ø² Ú©Û’ Ù¾Ø§Ø³ Ø¢Ø±ÛÛŒ ÛÙˆØªÛŒ ÛÛ’ Ø§Ø³ Ø³Û’ ÚˆØ¨Ù„ Ú©ÛŒÙ¾Ù¹Ù† Ù„Û’ Ù„ÛŒØªØ§ ÛÛ’ Ø­ÛŒØ±Øª Ú©ÛŒ Ø¨Ø§Øª ÛŒÛ’ Ú©Û Ø§Ø³ Ú©Û’Ù¾Ø§Ø³ ÚˆØ¨Ù„ Ø±Ù‚Ù… Ø¢Ø±ÛÛŒ ÛÙˆØªÛŒ ÛÛ’ Ø¨Û’ ØºÛŒØ±Øª Ø¯Ú¾ÙˆÚ©Û’ Ø¨Ø§Ø² Ø³ÙˆØ§Ø±ÛŒ Ú©ÛŒÙ†Ø³Ù„ Ú©Û’ Ù¾ÛŒØ³Û’ Ú©Ø§Ù¹ØªÛ’ ÛÛŒÚº Ø§Ù¾Ù†ÛŒ ØºÙ„Ø·ÛŒÙˆÚº Ø®Ø§Ù…ÛŒÙˆÚº Ø¯Ú¾ÙˆÚ©Û’ Ø¨Ø§Ø²ÛŒÙˆÚº Ù¾Ø± Ù†Ø¸Ø± Ù†ÛÛŒÚº Ø±Ú©Ú¾ØªÛ’,1
Ú©Ø±ÛŒÙ… Ù…ÙˆÙ¹Ø±,1
Ø¨Ø³Ù… Ø§Ù„Ù„Ù‡ Ø§Ù„Ø±Ø­Ù…Ù† Ø§Ù„Ø±Ø­ÙŠÙ… Ø§Ù„Ø­Ù…Ø¯Ù„Ù„Ù‡ Ø±Ø¨ Ø§Ù„Ø¹Ø§Ù„Ù…ÙŠÙ† Ø§Ù„Ø±Ø­Ù…Ù† Ø§Ù„Ø±Ø­ÙŠÙ… Ù…Ø§Ù„Ùƒ ÙŠÙˆÙ… Ø§Ù„Ø¯ÙŠÙ† Ø§ÙŠØ§Ùƒ Ù†Ø¹Ø¨Ø¯ Ùˆ Ø§ÙŠØ§Ùƒ Ø§Ù„Ù„Ù‡ Ù…Ø¹Ø§Ù ÙØ±Ù…Ø§Ø¦ÙŠÙŠ. Ø§Ú†Ù‡ÙŠ Ù‡ÙŠ Ø§Ø³ØªØ¹Ù…Ø§Ù„ ÙƒÙŠ Ù‡ÙŠ.,5
"Ø¨ÛØªØ±ÛŒÙ† Ø§ÙˆØ± Ù…Ù„Ù†Ø³Ø§Ø± ÚˆØ±Ø§Ø¦ÛŒÙˆØ± ØªÚ¾Ø§, Ø§Ù„Ù„Û ØªØ¨Ø§Ø±Ú© Ùˆ ØªØ¹Ø§Ù„ÛŒÙ° Ø§Ø³Û’ ØµØ­Øª ÙˆØ§Ù„ÛŒ Ù„Ù…Ø¨ÛŒ Ø²Ù†Ø¯Ú¯ÛŒ Ø¹Ø·Ø§ ÙØ±Ù…Ø§Ø¦Û’ Ø§ÙˆØ± ÙˆØ³ÛŒØ¹ Ø±Ø²Ù‚ Ø­Ù„Ø§Ù„ Ø¹Ø·Ø§ ÙØ±Ù…Ø§Ø¦Û’ Ø¢Ù…ÛŒÙ† Ø«Ù… Ø¢Ù…ÛŒÙ† ÛŒØ§Ø±Ø¨ Ø§Ù„Ø¹Ø§Ù„Ù…ÛŒÙ†, Ù…ÛŒØ±Ø§ ÛŒÛ Ø³ÙØ± Ú©Ø§ Ù¾ÛÙ„Ø§ ØªØ¬Ø±Ø¨Û ØªÚ¾Ø§ Ø§Ù„Ø­Ù…Ø¯Ù„Ù„Û Ú©Ø±ÛŒÙ… Ø¨Ø§Ø¦Ú© Ù†Û’ Ù…Ø§ÛŒÙˆØ³ Ù†ÛÛŒÚº Ú©ÛŒØ§, Ø¨ÛØªØ±ÛŒÙ† Ù„ÙˆÚ¯ Ù„Ø§Ø¬ÙˆØ§Ø¨ Ø³Ø±ÙˆØ³",5
Enjoying the way with a positive replies from captain,5
Good,5
Ø²Ø¨Ø±Ø¯Ø³Øª Ú¾Û’,5
Ø§Ø³ Ø±Ø§Ù¸Úˆ Ú©Û’ ÙˆØ¬Û Ø³Û’Û”Û”Û”Û” Ø²Ø¨Ø±Ø¯Ø³ØªÛ”Û”Ø³Ø±ÙˆØ³,5
Ø§Ú†Ú¾Ø§ ÛÛ’,5
Ø¨ÛŒØ³ Ø³Ø§Ù„ Ù…Ø§Ø±Ú©ÛŒÙ¹ Ø±Ù†Ú¯,5
Ø²Ø²Ø²Ø¨,5
Achi h Ù…Ø§Ø´Ø§Ø¡ Ø§Ù„Ù„Û Ú©Ø§ÙÛŒ Ø¨ÛØªØ± ÛÛ’,5
Very usefull And comfortable service,1
Good,5
Nice aqq,5
Bahot acha sarves he,5
Ø¨ÛØª Ø§Ø¹Ù„ÛŒ,3
Ø§Ú¯Ø±Ú©Ù¾Ù¹Ù† Ø³ÙˆØ§Ø±ÛŒ Ú©Ùˆ 2 ÛŒØ§3 Ø³Ù¹Ø§Ø±Ø¯Û’ØªÙˆÛŒÛ Ù†Ø§Ø±Ø§Ø¶ Ú¯ÛŒ Ú©Ø§ Ø¹Ù„Ø§Ù…Øª Ú¾Û’ÛŒØ¹Ù†ÛŒ Ú©Ù¾Ù¹Ù† Ø³ÙˆØ§Ø±ÛŒ Ø³Û’ Ú©ÛŒØ§Ù†Û Ú©ÛŒØ§ Ú©Ø§Ù… Ù¾Ø±Ù†Ø§Ø±Ø§Ø¶ Ú¾Û’ ØŒ Ø§Ú¯Ø± 4Ø§ÙˆØ±ÛŒØ§ 5Ø³ØªØ§Ø±Ø¯Û’ØªÙˆÛŒÛ Ø®ÙˆØ´ÛŒ Ú©ÛŒ Ø¹Ù„Ø§Ù…Øª Ú¾Û’Û”,5
Should improve specific on charges no checking,5
Ø¨ÛØª Ø§Ú†Ú¾ÛŒ,5
Very nice ğŸ‘Œ,5
In time pick and drop service Very well service,5
Gud,5
Ø¨ÛØªØ±ÛŒÙ† Ø³Ø±ÙˆØ³,5
good service,5
Good,5
Ø¨Ú¾Øª Ø§Ú†Ú¾Ø§,5
Bus thekk ha,5
Ø¯Ø±Ø³Øª,5
ÙˆÛŒØ³Û’ ØªÙˆ Ù…Ø§Ø´Ø§Ø¡Ø§Ù„Ù„Û Ø¨Ú¾ØªØ± Ø³Ø±ÙˆØ³ Ú¾Û’ Ù„ÛŒÚ©Ù† Ø§ÙˆØ± Ø³ÙˆØ§Ø±ÛŒÙˆÚº Ø³Û’ Ú¾Ù…ÛŒÚº Ù…ÛÙ†Ú¯ÛŒ Ù¾Ú‘ØªÛŒ Ú¾Û’ Ø³Ù†Ø§ØªÚ¾Ø§ Ø¨Ù„Ú©Ù„ Ø³Ø³ØªÛŒ Ú¾Û’ Ù„ÛŒÚ©Ù† Ù…Ø¹Ø§Ù…Ù„Û Ø§Ø³ Ú©Û’ Ø¨Ø±Ø¹Ú©Ø³ Ú¾Û’,3
Ok,5
Enjoys,5
No ok,1
Ø¨ÛØª ÛÛŒ Ø§Ú†Ú¾ÛŒ Ø³Ø±ÙˆØ³ ÛÛ’,4
Ø¨ÛØª Ø§Ú†Ú¾Ø§ ÛÛ’ Ø¬ÛŒ,5
ok,5
Thak n i ha,1
Good,5
Good,3
Ø¨ÛØª Ø²Ø¨Ø±Ø¯Ø³Øª Ù„Ø§Ø¬ÙˆØ§Ø¨,5
Ø±34Ù…Ø§Ø´Ø§Ø¡Ø§Ù„Ù„Û Ú†Ú¯ Ø· Ú©ÛŒ Ø±34Ø¨Ø¡0f,4
bakwas hai careem,1
this is the best apps,5
very good,5
Ø§Ø³ Ø§ÛŒÙ¾Ù„ÛŒÚ©ÛŒØ´Ù† Ù…ÛŒÚº Ø¬ÛØ§Úº Ø§Ù†Ú¯Ø±ÛŒØ²ÛŒØŒ Ø¹Ø±Ø¨ÛŒ Ø§ÙˆØ± Ø¯ÙˆØ³Ø±ÛŒ Ø²Ø¨Ø§Ù†ÛŒÚº Ù…ÙˆØ¬ÙˆØ¯ ÛÛŒÚº ÙˆÛØ§Úº Ø§Ø³ Ù…ÛŒÚº Ø§Ø±Ø¯Ùˆ Ø²Ø¨Ø§Ù† Ú©ÛŒ Ø¨ÛØª Ø¨ÛØª Ø¨ÛØª Ú©Ù…ÛŒ ÛÛ’Û” Ù„ÛÙ°Ø°Ø§ Ø¨Ø±Ø§Ø¦Û’ Ù…ÛØ±Ø¨Ø§Ù†ÛŒ Ø§Ø³ Ù…ÛŒÚº Ø§Ø±Ø¯Ùˆ Ø²Ø¨Ø§Ù† Ø¨Ú¾ÛŒ Ù„Ø§Ø²Ù…ÛŒ ÚˆØ§Ù„ÛŒÚºÛ” Ø´Ú©Ø±ÛŒÛÛ”,5
good,5
ÙˆØ§ÛŒÙ¹Ø³Ù¾,5
Ø¨Ú©ÙˆØ§Ø³,1
ok,5
nice,5
Ú©Ø±ÛŒÙ…,5
very good,5
Ø²Ø¨Ø±Ø¯Ø³Øª,5
it's disgusting i used it as daily on my route from school to home n unlike daily today itcharged me 600 rs like it isn't possible because there was no traffic or other such condition n i get charged very little during this travel i complained them through email several times n they didn't even respond or refund my money.it is juat awful,1
Ù†ÛÛŒÚº,2
Hii good job,5
"today i tried to get a ride ... but no vehicles available, even in taxila city no car available, i tried in the morning at 7:30 and then tried at 11:30, no car available... really disappointing, i will never try this app to book a ride,",1
Ø²Ø¨Ø±Ø¯Ø³Øª,5
good,5
location tomhare kamzoor he or baz waqat bohot zyade pesy lete he,3
Good experience with careem,4
ğŸ˜‚openwido,5
Ø¨ÛØª Ø¢Ú†Ø§Û,5
Creem you people should be ashamed of yourself for promoting vulgrity and attacking our beautiful fa,5
ÙˆØ§ÙˆØ§ Ú©Ø±ÛŒÙ…,5
GOOD to take a ride,5
Ø°ÙˆÙ†Û”Ù„ÙˆØ°Û”Ú©Ø±Û’,5
PTVHome,5
Ø³Ú©Ø³ÛŒ,5
Ø¨ÛØª Ø®ÙˆØ¨,5
Always feel comfortable in Careem car booking service,5
Ø§Ù„Ù„Û ØªØ¹Ø§Ù„ÛŒ Ù…Ø²ÛŒØ¯ ØªØ±Ù‚ÛŒ Ø¯Û’,5
Why isn't showing car moving Careem map what's the problem,1
Setting Urdu maybe ho please,4
ZONG 4G,5
Ø¨ÛØªØ±ÛŒÙ† Ø³ÛÙˆÙ„Øª ÛÛ’,5
Ø³Ø±Ø§Ø± Ù…Ø­Ù…Ø¯ ØµØ¯ÛŒÙ‚ Ø¢Ø²Ø§Ø¯Ú©Ø´ÛŒÙ…Ø± ÙˆØ§Ø¯ÛŒ Ù†Ù„ÛŒÙ…,5
Good work,5
Ú¯Úˆ,5
this is a service app for public,5
Good very good App,5
URDU LANGUAGE ğŸ˜”ğŸ˜”ğŸ˜”,5
Ø¨Ú¾Øª Ø²Ø¨Ø±Ø¯Ø³Øª,5
Ø¨ÛØªØ±,5
Ok,5
Ù…Ø§Ø´Ø§Ø¡Ø§Ù„Ù„Û,5
Kuta,1
Best app,5
imtiaz is like,4
Amir,5
Exelent,5
Ù…Ù‚Ø¨ÙˆÙ„,5
